{
    "characters": {
        "aeria": {
            "name": "Aeria",
            "parent": "deos_royal_family",
            "type": "Protagonist",
            "_type": "character",
            "file": "aeria.json",
            "linked_characters": [],
            "folder": "",
            "icon": null
        },
        "aeron": {
            "name": "Aeron",
            "parent": "deos_royal_family",
            "type": "Protagonist",
            "_type": "character",
            "file": "aeron.json",
            "linked_characters": [],
            "folder": "",
            "icon": null
        },
        "cadfael": {
            "name": "Cadfael",
            "parent": "deos_royal_family",
            "type": "Major Character",
            "_type": "character",
            "file": "cadfael.json",
            "linked_characters": [],
            "folder": "",
            "icon": null
        }
    },
    "places": {},
    "maps": {},
    "events": {},
    "documents": {
        "calendrier_systeme": {
            "name": "Calendrier Systeme",
            "_type": "document",
            "file": "calendrier_systeme.md"
        },
        "description_des_races": {
            "name": "Description Des Races",
            "_type": "document",
            "file": "description_des_races.md"
        },
        "general": {
            "name": "General",
            "_type": "document",
            "file": "general.md"
        },
        "inspirations": {
            "name": "Inspirations",
            "_type": "document",
            "file": "inspirations.md"
        },
        "README": {
            "name": "Readme",
            "_type": "document",
            "file": "README.md"
        },
        "éléments": {
            "name": "Éléments",
            "_type": "document",
            "file": "éléments.md"
        },
        "Histoire/v1/Chapitre_0_L_arrivee_dans_un_nouveau_monde": {
            "name": "Chapitre 0 L Arrivee Dans Un Nouveau Monde",
            "_type": "document",
            "file": "Histoire/v1/Chapitre_0_L_arrivee_dans_un_nouveau_monde.md"
        },
        "Personnages/Personnage_template": {
            "name": "Personnage Template",
            "_type": "document",
            "file": "Personnages/Personnage_template.md"
        },
        "Personnages/Deos_Royal_Family/0_big_brother_Cadfael": {
            "name": "0 Big Brother Cadfael",
            "_type": "document",
            "file": "Personnages/Deos_Royal_Family/0_big_brother_Cadfael.md"
        },
        "Personnages/Deos_Royal_Family/0_Twins_Aeria": {
            "name": "0 Twins Aeria",
            "_type": "document",
            "file": "Personnages/Deos_Royal_Family/0_Twins_Aeria.md"
        },
        "Personnages/Deos_Royal_Family/0_Twins_Aeron": {
            "name": "0 Twins Aeron",
            "_type": "document",
            "file": "Personnages/Deos_Royal_Family/0_Twins_Aeron.md"
        },
        "Personnages/Deos_Royal_Family/1_father_king_Darian": {
            "name": "1 Father King Darian",
            "_type": "document",
            "file": "Personnages/Deos_Royal_Family/1_father_king_Darian.md"
        },
        "Personnages/Deos_Royal_Family/1_mother_queen_Lysandra": {
            "name": "1 Mother Queen Lysandra",
            "_type": "document",
            "file": "Personnages/Deos_Royal_Family/1_mother_queen_Lysandra.md"
        },
        "Personnages/Teria/Risnia/Village_Bruine/0_Femme_du_marchand_Elise_Bulon": {
            "name": "0 Femme Du Marchand Elise Bulon",
            "_type": "document",
            "file": "Personnages/Teria/Risnia/Village_Bruine/0_Femme_du_marchand_Elise_Bulon.md"
        },
        "Personnages/Teria/Risnia/Village_Bruine/0_Fille_du_marchand_Marie_Bulon": {
            "name": "0 Fille Du Marchand Marie Bulon",
            "_type": "document",
            "file": "Personnages/Teria/Risnia/Village_Bruine/0_Fille_du_marchand_Marie_Bulon.md"
        },
        "Personnages/Teria/Risnia/Village_Bruine/0_Marchand_Malvin_Bulon": {
            "name": "0 Marchand Malvin Bulon",
            "_type": "document",
            "file": "Personnages/Teria/Risnia/Village_Bruine/0_Marchand_Malvin_Bulon.md"
        },
        "Personnages/Teria/Risnia/Village_Bruine/1_Maire_Jean-Pierre_Girond": {
            "name": "1 Maire Jean-Pierre Girond",
            "_type": "document",
            "file": "Personnages/Teria/Risnia/Village_Bruine/1_Maire_Jean-Pierre_Girond.md"
        },
        "Personnages/Teria/Risnia/Village_Bruine/2_Boulangere_": {
            "name": "2 Boulangere ",
            "_type": "document",
            "file": "Personnages/Teria/Risnia/Village_Bruine/2_Boulangere_.md"
        },
        "Personnages/Teria/Risnia/Village_Bruine/2_Forgeron_": {
            "name": "2 Forgeron ",
            "_type": "document",
            "file": "Personnages/Teria/Risnia/Village_Bruine/2_Forgeron_.md"
        },
        "Personnages/Teria/Risnia/Village_Bruine/3_Paysanne_": {
            "name": "3 Paysanne ",
            "_type": "document",
            "file": "Personnages/Teria/Risnia/Village_Bruine/3_Paysanne_.md"
        },
        "Personnages/Teria/Risnia/Village_Bruine/3_Paysan_": {
            "name": "3 Paysan ",
            "_type": "document",
            "file": "Personnages/Teria/Risnia/Village_Bruine/3_Paysan_.md"
        },
        "Personnages/Teria/Risnia/Village_Bruine/4_Pretre_": {
            "name": "4 Pretre ",
            "_type": "document",
            "file": "Personnages/Teria/Risnia/Village_Bruine/4_Pretre_.md"
        },
        "Personnages/Teria/Risnia/Village_Bruine/5_Tisserande_": {
            "name": "5 Tisserande ",
            "_type": "document",
            "file": "Personnages/Teria/Risnia/Village_Bruine/5_Tisserande_.md"
        },
        "Personnages/Teria/Risnia/Village_Bruine/6_Fermier_": {
            "name": "6 Fermier ",
            "_type": "document",
            "file": "Personnages/Teria/Risnia/Village_Bruine/6_Fermier_.md"
        },
        "Personnages/Teria/Risnia/Village_Bruine/7_Paysan_": {
            "name": "7 Paysan ",
            "_type": "document",
            "file": "Personnages/Teria/Risnia/Village_Bruine/7_Paysan_.md"
        },
        "Personnages/Teria/Risnia/Ville_Montcre/0_Maitre_arts_martiaux": {
            "name": "0 Maitre Arts Martiaux",
            "_type": "document",
            "file": "Personnages/Teria/Risnia/Ville_Montcre/0_Maitre_arts_martiaux.md"
        },
        "Personnages/Teria/Risnia/Ville_Montcre/1_Magicienne_Marianne": {
            "name": "1 Magicienne Marianne",
            "_type": "document",
            "file": "Personnages/Teria/Risnia/Ville_Montcre/1_Magicienne_Marianne.md"
        },
        "Personnages/Teria/Senka/0_Danha": {
            "name": "0 Danha",
            "_type": "document",
            "file": "Personnages/Teria/Senka/0_Danha.md"
        },
        "Timeline/Timeline_Principale_Maria": {
            "name": "Timeline Principale Maria",
            "_type": "document",
            "file": "Timeline/Timeline_Principale_Maria.md"
        },
        "Timeline/Timeline_Principale_Teria": {
            "name": "Timeline Principale Teria",
            "_type": "document",
            "file": "Timeline/Timeline_Principale_Teria.md"
        },
        "Univers/world": {
            "name": "World",
            "_type": "document",
            "file": "Univers/world.md"
        },
        "Univers/Géographie/Teria/0_Exaucia/Capitale_Dessusavo/Capitale_Dessusavo": {
            "name": "Capitale Dessusavo",
            "_type": "document",
            "file": "Univers/Géographie/Teria/0_Exaucia/Capitale_Dessusavo/Capitale_Dessusavo.md"
        },
        "Univers/Géographie/Teria/0_Exaucia/Ville_Abyra/Ville_Abyra": {
            "name": "Ville Abyra",
            "_type": "document",
            "file": "Univers/Géographie/Teria/0_Exaucia/Ville_Abyra/Ville_Abyra.md"
        },
        "Univers/Géographie/Teria/0_Exaucia/Ville_Athemakouke/Ville_Athemakouke": {
            "name": "Ville Athemakouke",
            "_type": "document",
            "file": "Univers/Géographie/Teria/0_Exaucia/Ville_Athemakouke/Ville_Athemakouke.md"
        },
        "Univers/Géographie/Teria/0_Exaucia/Ville_Colis/Ville_Colis": {
            "name": "Ville Colis",
            "_type": "document",
            "file": "Univers/Géographie/Teria/0_Exaucia/Ville_Colis/Ville_Colis.md"
        },
        "Univers/Géographie/Teria/0_Exaucia/Ville_Jukroite_Ile/Ville_Jukroite_Ile": {
            "name": "Ville Jukroite Ile",
            "_type": "document",
            "file": "Univers/Géographie/Teria/0_Exaucia/Ville_Jukroite_Ile/Ville_Jukroite_Ile.md"
        },
        "Univers/Géographie/Teria/0_Exaucia/Ville_Leontumnama/Ville_Leontumnama": {
            "name": "Ville Leontumnama",
            "_type": "document",
            "file": "Univers/Géographie/Teria/0_Exaucia/Ville_Leontumnama/Ville_Leontumnama.md"
        },
        "Univers/Géographie/Teria/0_Exaucia/Ville_Lepliosse_Ile/Ville_Lepliosse_Ile": {
            "name": "Ville Lepliosse Ile",
            "_type": "document",
            "file": "Univers/Géographie/Teria/0_Exaucia/Ville_Lepliosse_Ile/Ville_Lepliosse_Ile.md"
        },
        "Univers/Géographie/Teria/0_Exaucia/Ville_Matis/Ville_Matis": {
            "name": "Ville Matis",
            "_type": "document",
            "file": "Univers/Géographie/Teria/0_Exaucia/Ville_Matis/Ville_Matis.md"
        },
        "Univers/Géographie/Teria/0_Exaucia/Ville_Melarium/Ville_Melarium": {
            "name": "Ville Melarium",
            "_type": "document",
            "file": "Univers/Géographie/Teria/0_Exaucia/Ville_Melarium/Ville_Melarium.md"
        },
        "Univers/Géographie/Teria/0_Exaucia/Ville_Sparteleu/Ville_Sparteleu": {
            "name": "Ville Sparteleu",
            "_type": "document",
            "file": "Univers/Géographie/Teria/0_Exaucia/Ville_Sparteleu/Ville_Sparteleu.md"
        },
        "Univers/Géographie/Teria/0_Exaucia/Ville_Tempia/Ville_Tempia": {
            "name": "Ville Tempia",
            "_type": "document",
            "file": "Univers/Géographie/Teria/0_Exaucia/Ville_Tempia/Ville_Tempia.md"
        },
        "Univers/Géographie/Teria/0_Exaucia/Ville_Tytos/Ville_Tytos": {
            "name": "Ville Tytos",
            "_type": "document",
            "file": "Univers/Géographie/Teria/0_Exaucia/Ville_Tytos/Ville_Tytos.md"
        },
        "Univers/Langues/Teria/Allemand_Terien": {
            "name": "Allemand Terien",
            "_type": "document",
            "file": "Univers/Langues/Teria/Allemand_Terien.md"
        },
        "Univers/Langues/Teria/Anglais_Terien": {
            "name": "Anglais Terien",
            "_type": "document",
            "file": "Univers/Langues/Teria/Anglais_Terien.md"
        },
        "Univers/Langues/Teria/Espanol_Terien": {
            "name": "Espanol Terien",
            "_type": "document",
            "file": "Univers/Langues/Teria/Espanol_Terien.md"
        },
        "Univers/Langues/Teria/Francais_Terien": {
            "name": "Francais Terien",
            "_type": "document",
            "file": "Univers/Langues/Teria/Francais_Terien.md"
        },
        "Univers/Langues/Teria/Grec_Terien": {
            "name": "Grec Terien",
            "_type": "document",
            "file": "Univers/Langues/Teria/Grec_Terien.md"
        },
        "Univers/Langues/Teria/Japonais_Terien": {
            "name": "Japonais Terien",
            "_type": "document",
            "file": "Univers/Langues/Teria/Japonais_Terien.md"
        },
        "Univers/Langues/Teria/Latin_Terien": {
            "name": "Latin Terien",
            "_type": "document",
            "file": "Univers/Langues/Teria/Latin_Terien.md"
        },
        "Univers/Langues/Teria/Mandarin_Terien": {
            "name": "Mandarin Terien",
            "_type": "document",
            "file": "Univers/Langues/Teria/Mandarin_Terien.md"
        },
        "Univers/Religions/religions_teria": {
            "name": "Religions Teria",
            "_type": "document",
            "file": "Univers/Religions/religions_teria.md"
        }
    },
    "images": {}
}